study_id,study_author_1,study_doi,experiment_id,two_hums,two_temps,measurement_id,experiment_class_id,virus,material,medium,medium_group,sealed,temperature,humidity,elapsed_time,mean_zero,log10_fraction_viable,log10_LOD_fraction
1,Rabenau,10.1007/s00430-004-0219-0,1,FALSE,TRUE,1,1,SARS-CoV-1,Bulk medium,MEM + antibiotics,CCM,Unspecified,4,NA,0.5,7.18,-0.5,-5.38
1,Rabenau,10.1007/s00430-004-0219-0,2,FALSE,TRUE,2,1,SARS-CoV-1,Bulk medium,MEM + antibiotics,CCM,Unspecified,56,NA,0.5,7.18,-5.38,-5.38
1,Rabenau,10.1007/s00430-004-0219-0,3,FALSE,TRUE,3,1,SARS-CoV-1,Bulk medium,MEM + antibiotics,CCM,Unspecified,60,NA,0.5,7.18,-5.38,-5.38
2,Darnell,10.1016/j.jviromet.2004.06.006,4,FALSE,TRUE,4,2,SARS-CoV-1,Bulk medium,DMEM + 10% FCS + antibiotics,CCM,Unspecified,56,NA,0.166666667,6.039,-3.9699999999999998,-5.039
2,Darnell,10.1016/j.jviromet.2004.06.006,4,FALSE,TRUE,5,2,SARS-CoV-1,Bulk medium,DMEM + 10% FCS + antibiotics,CCM,Unspecified,56,NA,0.25,6.039,-4.673,-5.039
2,Darnell,10.1016/j.jviromet.2004.06.006,4,FALSE,TRUE,6,2,SARS-CoV-1,Bulk medium,DMEM + 10% FCS + antibiotics,CCM,Unspecified,56,NA,0.333333333,6.039,-5.039,-5.039
2,Darnell,10.1016/j.jviromet.2004.06.006,4,FALSE,TRUE,7,2,SARS-CoV-1,Bulk medium,DMEM + 10% FCS + antibiotics,CCM,Unspecified,56,NA,0.5,6.039,-4.8309999999999995,-5.039
2,Darnell,10.1016/j.jviromet.2004.06.006,4,FALSE,TRUE,8,2,SARS-CoV-1,Bulk medium,DMEM + 10% FCS + antibiotics,CCM,Unspecified,56,NA,0.666666667,6.039,-4.659,-5.039
2,Darnell,10.1016/j.jviromet.2004.06.006,4,FALSE,TRUE,9,2,SARS-CoV-1,Bulk medium,DMEM + 10% FCS + antibiotics,CCM,Unspecified,56,NA,0.75,6.039,-4.936,-5.039
2,Darnell,10.1016/j.jviromet.2004.06.006,4,FALSE,TRUE,10,2,SARS-CoV-1,Bulk medium,DMEM + 10% FCS + antibiotics,CCM,Unspecified,56,NA,0.833333333,6.039,-4.659,-5.039
2,Darnell,10.1016/j.jviromet.2004.06.006,4,FALSE,TRUE,11,2,SARS-CoV-1,Bulk medium,DMEM + 10% FCS + antibiotics,CCM,Unspecified,56,NA,1,6.039,-4.762,-5.039
2,Darnell,10.1016/j.jviromet.2004.06.006,4,FALSE,TRUE,12,2,SARS-CoV-1,Bulk medium,DMEM + 10% FCS + antibiotics,CCM,Unspecified,56,NA,1.5,6.039,-5.039,-5.039
2,Darnell,10.1016/j.jviromet.2004.06.006,5,FALSE,TRUE,13,2,SARS-CoV-1,Bulk medium,DMEM + 10% FCS + antibiotics,CCM,Unspecified,65,NA,0.016666667,5.578,-1.1950000000000003,-4.578
2,Darnell,10.1016/j.jviromet.2004.06.006,5,FALSE,TRUE,14,2,SARS-CoV-1,Bulk medium,DMEM + 10% FCS + antibiotics,CCM,Unspecified,65,NA,0.033333333,5.578,-3.6800000000000006,-4.578
2,Darnell,10.1016/j.jviromet.2004.06.006,5,FALSE,TRUE,15,2,SARS-CoV-1,Bulk medium,DMEM + 10% FCS + antibiotics,CCM,Unspecified,65,NA,0.05,5.578,-4.219,-4.578
2,Darnell,10.1016/j.jviromet.2004.06.006,5,FALSE,TRUE,16,2,SARS-CoV-1,Bulk medium,DMEM + 10% FCS + antibiotics,CCM,Unspecified,65,NA,0.066666667,5.578,-4.430000000000001,-4.578
2,Darnell,10.1016/j.jviromet.2004.06.006,5,FALSE,TRUE,17,2,SARS-CoV-1,Bulk medium,DMEM + 10% FCS + antibiotics,CCM,Unspecified,65,NA,0.083333333,5.578,-4.453,-4.578
2,Darnell,10.1016/j.jviromet.2004.06.006,5,FALSE,TRUE,18,2,SARS-CoV-1,Bulk medium,DMEM + 10% FCS + antibiotics,CCM,Unspecified,65,NA,0.1,5.578,-4.172000000000001,-4.578
2,Darnell,10.1016/j.jviromet.2004.06.006,5,FALSE,TRUE,19,2,SARS-CoV-1,Bulk medium,DMEM + 10% FCS + antibiotics,CCM,Unspecified,65,NA,0.116666667,5.578,-4.430000000000001,-4.578
2,Darnell,10.1016/j.jviromet.2004.06.006,5,FALSE,TRUE,20,2,SARS-CoV-1,Bulk medium,DMEM + 10% FCS + antibiotics,CCM,Unspecified,65,NA,0.133333333,5.578,-4.430000000000001,-4.578
2,Darnell,10.1016/j.jviromet.2004.06.006,5,FALSE,TRUE,21,2,SARS-CoV-1,Bulk medium,DMEM + 10% FCS + antibiotics,CCM,Unspecified,65,NA,0.15,5.578,-4.125,-4.578
2,Darnell,10.1016/j.jviromet.2004.06.006,5,FALSE,TRUE,22,2,SARS-CoV-1,Bulk medium,DMEM + 10% FCS + antibiotics,CCM,Unspecified,65,NA,0.166666667,5.578,-4.547000000000001,-4.578
2,Darnell,10.1016/j.jviromet.2004.06.006,5,FALSE,TRUE,23,2,SARS-CoV-1,Bulk medium,DMEM + 10% FCS + antibiotics,CCM,Unspecified,65,NA,0.25,5.578,-3.994,-4.578
2,Darnell,10.1016/j.jviromet.2004.06.006,5,FALSE,TRUE,24,2,SARS-CoV-1,Bulk medium,DMEM + 10% FCS + antibiotics,CCM,Unspecified,65,NA,0.333333333,5.578,-4.430000000000001,-4.578
2,Darnell,10.1016/j.jviromet.2004.06.006,5,FALSE,TRUE,25,2,SARS-CoV-1,Bulk medium,DMEM + 10% FCS + antibiotics,CCM,Unspecified,65,NA,0.5,5.578,-4.180000000000001,-4.578
2,Darnell,10.1016/j.jviromet.2004.06.006,5,FALSE,TRUE,26,2,SARS-CoV-1,Bulk medium,DMEM + 10% FCS + antibiotics,CCM,Unspecified,65,NA,0.75,5.578,-4.42,-4.578
2,Darnell,10.1016/j.jviromet.2004.06.006,5,FALSE,TRUE,27,2,SARS-CoV-1,Bulk medium,DMEM + 10% FCS + antibiotics,CCM,Unspecified,65,NA,1,5.578,-3.8980000000000006,-4.578
2,Darnell,10.1016/j.jviromet.2004.06.006,5,FALSE,TRUE,28,2,SARS-CoV-1,Bulk medium,DMEM + 10% FCS + antibiotics,CCM,Unspecified,65,NA,1.5,5.578,-4.578,-4.578
2,Darnell,10.1016/j.jviromet.2004.06.006,6,FALSE,TRUE,29,2,SARS-CoV-1,Bulk medium,DMEM + 10% FCS + antibiotics,CCM,Unspecified,75,NA,0.25,5.339,-4.339,-4.339
2,Darnell,10.1016/j.jviromet.2004.06.006,6,FALSE,TRUE,30,2,SARS-CoV-1,Bulk medium,DMEM + 10% FCS + antibiotics,CCM,Unspecified,75,NA,0.5,5.339,-4.339,-4.339
2,Darnell,10.1016/j.jviromet.2004.06.006,6,FALSE,TRUE,31,2,SARS-CoV-1,Bulk medium,DMEM + 10% FCS + antibiotics,CCM,Unspecified,75,NA,0.75,5.339,-4.339,-4.339
2,Darnell,10.1016/j.jviromet.2004.06.006,6,FALSE,TRUE,32,2,SARS-CoV-1,Bulk medium,DMEM + 10% FCS + antibiotics,CCM,Unspecified,75,NA,1,5.339,-4.339,-4.339
2,Darnell,10.1016/j.jviromet.2004.06.006,6,FALSE,TRUE,33,2,SARS-CoV-1,Bulk medium,DMEM + 10% FCS + antibiotics,CCM,Unspecified,75,NA,1.5,5.339,-4.339,-4.339
3,Chin,10.1016/S2666-5247(20)30003-3,7,FALSE,TRUE,34,3,SARS-CoV-2,Bulk medium,VTM,VTM,Unspecified,4,NA,0.5,6.8,-0.29000000000000004,-4.8
3,Chin,10.1016/S2666-5247(20)30003-3,7,FALSE,TRUE,35,3,SARS-CoV-2,Bulk medium,VTM,VTM,Unspecified,4,NA,1,6.8,-0.22999999999999954,-4.8
3,Chin,10.1016/S2666-5247(20)30003-3,7,FALSE,TRUE,36,3,SARS-CoV-2,Bulk medium,VTM,VTM,Unspecified,4,NA,3,6.8,-0.1399999999999997,-4.8
3,Chin,10.1016/S2666-5247(20)30003-3,7,FALSE,TRUE,37,3,SARS-CoV-2,Bulk medium,VTM,VTM,Unspecified,4,NA,6,6.8,-0.1299999999999999,-4.8
3,Chin,10.1016/S2666-5247(20)30003-3,7,FALSE,TRUE,38,3,SARS-CoV-2,Bulk medium,VTM,VTM,Unspecified,4,NA,12,6.8,-0.21999999999999975,-4.8
3,Chin,10.1016/S2666-5247(20)30003-3,7,FALSE,TRUE,39,3,SARS-CoV-2,Bulk medium,VTM,VTM,Unspecified,4,NA,24,6.8,-0.08000000000000007,-4.8
3,Chin,10.1016/S2666-5247(20)30003-3,7,FALSE,TRUE,40,3,SARS-CoV-2,Bulk medium,VTM,VTM,Unspecified,4,NA,48,6.8,-0.3799999999999999,-4.8
3,Chin,10.1016/S2666-5247(20)30003-3,7,FALSE,TRUE,41,3,SARS-CoV-2,Bulk medium,VTM,VTM,Unspecified,4,NA,96,6.8,-0.47999999999999954,-4.8
3,Chin,10.1016/S2666-5247(20)30003-3,7,FALSE,TRUE,42,3,SARS-CoV-2,Bulk medium,VTM,VTM,Unspecified,4,NA,238,6.8,-0.14999999999999947,-4.8
3,Chin,10.1016/S2666-5247(20)30003-3,7,FALSE,TRUE,43,3,SARS-CoV-2,Bulk medium,VTM,VTM,Unspecified,4,NA,336,6.8,-0.7599999999999998,-4.8
3,Chin,10.1016/S2666-5247(20)30003-3,8,FALSE,TRUE,44,3,SARS-CoV-2,Bulk medium,VTM,VTM,Unspecified,22,NA,0.016666667,6.8,-0.29000000000000004,-4.8
3,Chin,10.1016/S2666-5247(20)30003-3,8,FALSE,TRUE,45,3,SARS-CoV-2,Bulk medium,VTM,VTM,Unspecified,22,NA,0.083333333,6.8,-0.09999999999999964,-4.8
3,Chin,10.1016/S2666-5247(20)30003-3,8,FALSE,TRUE,46,3,SARS-CoV-2,Bulk medium,VTM,VTM,Unspecified,22,NA,0.166666667,6.8,-0.1699999999999999,-4.8
3,Chin,10.1016/S2666-5247(20)30003-3,8,FALSE,TRUE,47,3,SARS-CoV-2,Bulk medium,VTM,VTM,Unspecified,22,NA,0.5,6.8,-0.28000000000000025,-4.8
3,Chin,10.1016/S2666-5247(20)30003-3,8,FALSE,TRUE,48,3,SARS-CoV-2,Bulk medium,VTM,VTM,Unspecified,22,NA,1,6.8,-0.4699999999999997,-4.8
3,Chin,10.1016/S2666-5247(20)30003-3,8,FALSE,TRUE,49,3,SARS-CoV-2,Bulk medium,VTM,VTM,Unspecified,22,NA,3,6.8,-0.12000000000000012,-4.8
3,Chin,10.1016/S2666-5247(20)30003-3,8,FALSE,TRUE,50,3,SARS-CoV-2,Bulk medium,VTM,VTM,Unspecified,22,NA,6,6.8,-0.2599999999999998,-4.8
3,Chin,10.1016/S2666-5247(20)30003-3,8,FALSE,TRUE,51,3,SARS-CoV-2,Bulk medium,VTM,VTM,Unspecified,22,NA,12,6.8,-0.5699999999999994,-4.8
3,Chin,10.1016/S2666-5247(20)30003-3,8,FALSE,TRUE,52,3,SARS-CoV-2,Bulk medium,VTM,VTM,Unspecified,22,NA,24,6.8,-0.54,-4.8
3,Chin,10.1016/S2666-5247(20)30003-3,8,FALSE,TRUE,53,3,SARS-CoV-2,Bulk medium,VTM,VTM,Unspecified,22,NA,48,6.8,-0.9699999999999998,-4.8
3,Chin,10.1016/S2666-5247(20)30003-3,8,FALSE,TRUE,54,3,SARS-CoV-2,Bulk medium,VTM,VTM,Unspecified,22,NA,96,6.8,-1.8099999999999996,-4.8
3,Chin,10.1016/S2666-5247(20)30003-3,8,FALSE,TRUE,55,3,SARS-CoV-2,Bulk medium,VTM,VTM,Unspecified,22,NA,238,6.8,-3.32,-4.8
3,Chin,10.1016/S2666-5247(20)30003-3,8,FALSE,TRUE,56,3,SARS-CoV-2,Bulk medium,VTM,VTM,Unspecified,22,NA,336,6.8,-4.8,-4.8
3,Chin,10.1016/S2666-5247(20)30003-3,9,FALSE,TRUE,57,3,SARS-CoV-2,Bulk medium,VTM,VTM,Unspecified,37,NA,0.5,6.8,-0.22999999999999954,-4.8
3,Chin,10.1016/S2666-5247(20)30003-3,9,FALSE,TRUE,58,3,SARS-CoV-2,Bulk medium,VTM,VTM,Unspecified,37,NA,1,6.8,-0.04000000000000004,-4.8
3,Chin,10.1016/S2666-5247(20)30003-3,9,FALSE,TRUE,59,3,SARS-CoV-2,Bulk medium,VTM,VTM,Unspecified,37,NA,3,6.8,-0.4399999999999995,-4.8
3,Chin,10.1016/S2666-5247(20)30003-3,9,FALSE,TRUE,60,3,SARS-CoV-2,Bulk medium,VTM,VTM,Unspecified,37,NA,6,6.8,-0.8099999999999996,-4.8
3,Chin,10.1016/S2666-5247(20)30003-3,9,FALSE,TRUE,61,3,SARS-CoV-2,Bulk medium,VTM,VTM,Unspecified,37,NA,12,6.8,-1.5199999999999996,-4.8
3,Chin,10.1016/S2666-5247(20)30003-3,9,FALSE,TRUE,62,3,SARS-CoV-2,Bulk medium,VTM,VTM,Unspecified,37,NA,24,6.8,-3.57,-4.8
3,Chin,10.1016/S2666-5247(20)30003-3,9,FALSE,TRUE,63,3,SARS-CoV-2,Bulk medium,VTM,VTM,Unspecified,37,NA,48,6.8,-4.8,-4.8
3,Chin,10.1016/S2666-5247(20)30003-3,9,FALSE,TRUE,64,3,SARS-CoV-2,Bulk medium,VTM,VTM,Unspecified,37,NA,96,6.8,-4.8,-4.8
3,Chin,10.1016/S2666-5247(20)30003-3,9,FALSE,TRUE,65,3,SARS-CoV-2,Bulk medium,VTM,VTM,Unspecified,37,NA,238,6.8,-4.8,-4.8
3,Chin,10.1016/S2666-5247(20)30003-3,9,FALSE,TRUE,66,3,SARS-CoV-2,Bulk medium,VTM,VTM,Unspecified,37,NA,336,6.8,-4.8,-4.8
3,Chin,10.1016/S2666-5247(20)30003-3,10,FALSE,TRUE,67,3,SARS-CoV-2,Bulk medium,VTM,VTM,Unspecified,56,NA,0.016666667,6.8,-0.14999999999999947,-4.8
3,Chin,10.1016/S2666-5247(20)30003-3,10,FALSE,TRUE,68,3,SARS-CoV-2,Bulk medium,VTM,VTM,Unspecified,56,NA,0.083333333,6.8,-2.1799999999999997,-4.8
3,Chin,10.1016/S2666-5247(20)30003-3,10,FALSE,TRUE,69,3,SARS-CoV-2,Bulk medium,VTM,VTM,Unspecified,56,NA,0.166666667,6.8,-2.96,-4.8
3,Chin,10.1016/S2666-5247(20)30003-3,10,FALSE,TRUE,70,3,SARS-CoV-2,Bulk medium,VTM,VTM,Unspecified,56,NA,0.5,6.8,-4.8,-4.8
3,Chin,10.1016/S2666-5247(20)30003-3,10,FALSE,TRUE,71,3,SARS-CoV-2,Bulk medium,VTM,VTM,Unspecified,56,NA,1,6.8,-4.8,-4.8
3,Chin,10.1016/S2666-5247(20)30003-3,10,FALSE,TRUE,72,3,SARS-CoV-2,Bulk medium,VTM,VTM,Unspecified,56,NA,3,6.8,-4.8,-4.8
3,Chin,10.1016/S2666-5247(20)30003-3,10,FALSE,TRUE,73,3,SARS-CoV-2,Bulk medium,VTM,VTM,Unspecified,56,NA,6,6.8,-4.8,-4.8
3,Chin,10.1016/S2666-5247(20)30003-3,10,FALSE,TRUE,74,3,SARS-CoV-2,Bulk medium,VTM,VTM,Unspecified,56,NA,12,6.8,-4.8,-4.8
3,Chin,10.1016/S2666-5247(20)30003-3,10,FALSE,TRUE,75,3,SARS-CoV-2,Bulk medium,VTM,VTM,Unspecified,56,NA,24,6.8,-4.8,-4.8
3,Chin,10.1016/S2666-5247(20)30003-3,10,FALSE,TRUE,76,3,SARS-CoV-2,Bulk medium,VTM,VTM,Unspecified,56,NA,48,6.8,-4.8,-4.8
3,Chin,10.1016/S2666-5247(20)30003-3,10,FALSE,TRUE,77,3,SARS-CoV-2,Bulk medium,VTM,VTM,Unspecified,56,NA,96,6.8,-4.8,-4.8
3,Chin,10.1016/S2666-5247(20)30003-3,10,FALSE,TRUE,78,3,SARS-CoV-2,Bulk medium,VTM,VTM,Unspecified,56,NA,238,6.8,-4.8,-4.8
3,Chin,10.1016/S2666-5247(20)30003-3,10,FALSE,TRUE,79,3,SARS-CoV-2,Bulk medium,VTM,VTM,Unspecified,56,NA,336,6.8,-4.8,-4.8
3,Chin,10.1016/S2666-5247(20)30003-3,11,FALSE,TRUE,80,3,SARS-CoV-2,Bulk medium,VTM,VTM,Unspecified,70,NA,0.016666667,6.8,-1.46,-4.8
3,Chin,10.1016/S2666-5247(20)30003-3,11,FALSE,TRUE,81,3,SARS-CoV-2,Bulk medium,VTM,VTM,Unspecified,70,NA,0.083333333,6.8,-4.8,-4.8
3,Chin,10.1016/S2666-5247(20)30003-3,11,FALSE,TRUE,82,3,SARS-CoV-2,Bulk medium,VTM,VTM,Unspecified,70,NA,0.166666667,6.8,-4.8,-4.8
3,Chin,10.1016/S2666-5247(20)30003-3,11,FALSE,TRUE,83,3,SARS-CoV-2,Bulk medium,VTM,VTM,Unspecified,70,NA,0.5,6.8,-4.8,-4.8
3,Chin,10.1016/S2666-5247(20)30003-3,11,FALSE,TRUE,84,3,SARS-CoV-2,Bulk medium,VTM,VTM,Unspecified,70,NA,1,6.8,-4.8,-4.8
3,Chin,10.1016/S2666-5247(20)30003-3,11,FALSE,TRUE,85,3,SARS-CoV-2,Bulk medium,VTM,VTM,Unspecified,70,NA,3,6.8,-4.8,-4.8
3,Chin,10.1016/S2666-5247(20)30003-3,11,FALSE,TRUE,86,3,SARS-CoV-2,Bulk medium,VTM,VTM,Unspecified,70,NA,6,6.8,-4.8,-4.8
3,Chin,10.1016/S2666-5247(20)30003-3,11,FALSE,TRUE,87,3,SARS-CoV-2,Bulk medium,VTM,VTM,Unspecified,70,NA,12,6.8,-4.8,-4.8
3,Chin,10.1016/S2666-5247(20)30003-3,11,FALSE,TRUE,88,3,SARS-CoV-2,Bulk medium,VTM,VTM,Unspecified,70,NA,24,6.8,-4.8,-4.8
3,Chin,10.1016/S2666-5247(20)30003-3,11,FALSE,TRUE,89,3,SARS-CoV-2,Bulk medium,VTM,VTM,Unspecified,70,NA,48,6.8,-4.8,-4.8
3,Chin,10.1016/S2666-5247(20)30003-3,11,FALSE,TRUE,90,3,SARS-CoV-2,Bulk medium,VTM,VTM,Unspecified,70,NA,96,6.8,-4.8,-4.8
3,Chin,10.1016/S2666-5247(20)30003-3,11,FALSE,TRUE,91,3,SARS-CoV-2,Bulk medium,VTM,VTM,Unspecified,70,NA,238,6.8,-4.8,-4.8
3,Chin,10.1016/S2666-5247(20)30003-3,11,FALSE,TRUE,92,3,SARS-CoV-2,Bulk medium,VTM,VTM,Unspecified,70,NA,336,6.8,-4.8,-4.8
4,Lai,10.1086/433186,12,FALSE,TRUE,93,4,SARS-CoV-1,Bulk medium,10% MEM + 90% Nasopharyngeal sample,Resp. sec.,Closed,4,NA,3,5.505,-0.009999999999999808,-99
4,Lai,10.1086/433186,12,FALSE,TRUE,94,4,SARS-CoV-1,Bulk medium,10% MEM + 90% Nasopharyngeal sample,Resp. sec.,Closed,4,NA,6,5.505,-0.5049999999999999,-99
4,Lai,10.1086/433186,12,FALSE,TRUE,95,4,SARS-CoV-1,Bulk medium,10% MEM + 90% Nasopharyngeal sample,Resp. sec.,Closed,4,NA,24,5.505,-1.4959999999999996,-99
4,Lai,10.1086/433186,12,FALSE,TRUE,96,4,SARS-CoV-1,Bulk medium,10% MEM + 90% Nasopharyngeal sample,Resp. sec.,Closed,4,NA,72,5.505,-1.505,-99
4,Lai,10.1086/433186,12,FALSE,TRUE,97,4,SARS-CoV-1,Bulk medium,10% MEM + 90% Nasopharyngeal sample,Resp. sec.,Closed,4,NA,96,5.505,-1.505,-99
4,Lai,10.1086/433186,12,FALSE,TRUE,98,4,SARS-CoV-1,Bulk medium,10% MEM + 90% Nasopharyngeal sample,Resp. sec.,Closed,4,NA,120,5.505,-1.766,-99
4,Lai,10.1086/433186,12,FALSE,TRUE,99,4,SARS-CoV-1,Bulk medium,10% MEM + 90% Nasopharyngeal sample,Resp. sec.,Closed,4,NA,168,5.505,-1.766,-99
4,Lai,10.1086/433186,12,FALSE,TRUE,100,4,SARS-CoV-1,Bulk medium,10% MEM + 90% Nasopharyngeal sample,Resp. sec.,Closed,4,NA,240,5.505,-2.01,-99
4,Lai,10.1086/433186,12,FALSE,TRUE,101,4,SARS-CoV-1,Bulk medium,10% MEM + 90% Nasopharyngeal sample,Resp. sec.,Closed,4,NA,264,5.505,-2.496,-99
4,Lai,10.1086/433186,12,FALSE,TRUE,102,4,SARS-CoV-1,Bulk medium,10% MEM + 90% Nasopharyngeal sample,Resp. sec.,Closed,4,NA,288,5.505,-2.262,-99
4,Lai,10.1086/433186,12,FALSE,TRUE,103,4,SARS-CoV-1,Bulk medium,10% MEM + 90% Nasopharyngeal sample,Resp. sec.,Closed,4,NA,336,5.505,-2.991,-99
4,Lai,10.1086/433186,12,FALSE,TRUE,104,4,SARS-CoV-1,Bulk medium,10% MEM + 90% Nasopharyngeal sample,Resp. sec.,Closed,4,NA,432,5.505,-3.262,-99
4,Lai,10.1086/433186,12,FALSE,TRUE,105,4,SARS-CoV-1,Bulk medium,10% MEM + 90% Nasopharyngeal sample,Resp. sec.,Closed,4,NA,456,5.505,-2.505,-99
4,Lai,10.1086/433186,12,FALSE,TRUE,106,4,SARS-CoV-1,Bulk medium,10% MEM + 90% Nasopharyngeal sample,Resp. sec.,Closed,4,NA,480,5.505,-2.9819999999999998,-99
4,Lai,10.1086/433186,12,FALSE,TRUE,107,4,SARS-CoV-1,Bulk medium,10% MEM + 90% Nasopharyngeal sample,Resp. sec.,Closed,4,NA,504,5.505,-3.7569999999999997,-99
4,Lai,10.1086/433186,12,FALSE,TRUE,108,4,SARS-CoV-1,Bulk medium,10% MEM + 90% Nasopharyngeal sample,Resp. sec.,Closed,4,NA,576,5.505,-3.01,-99
4,Lai,10.1086/433186,12,FALSE,TRUE,109,4,SARS-CoV-1,Bulk medium,10% MEM + 90% Nasopharyngeal sample,Resp. sec.,Closed,4,NA,648,5.505,-3.9909999999999997,-99
4,Lai,10.1086/433186,13,FALSE,TRUE,110,4,SARS-CoV-1,Bulk medium,10% MEM + 90% Nasopharyngeal sample,Resp. sec.,Closed,20,NA,3,5.009,-0.009000000000000325,-99
4,Lai,10.1086/433186,13,FALSE,TRUE,111,4,SARS-CoV-1,Bulk medium,10% MEM + 90% Nasopharyngeal sample,Resp. sec.,Closed,20,NA,6,5.009,-0.009000000000000325,-99
4,Lai,10.1086/433186,13,FALSE,TRUE,112,4,SARS-CoV-1,Bulk medium,10% MEM + 90% Nasopharyngeal sample,Resp. sec.,Closed,20,NA,24,5.009,-1.2700000000000005,-99
4,Lai,10.1086/433186,13,FALSE,TRUE,113,4,SARS-CoV-1,Bulk medium,10% MEM + 90% Nasopharyngeal sample,Resp. sec.,Closed,20,NA,72,5.009,-2.261,-99
4,Lai,10.1086/433186,13,FALSE,TRUE,114,4,SARS-CoV-1,Bulk medium,10% MEM + 90% Nasopharyngeal sample,Resp. sec.,Closed,20,NA,96,5.009,-2.5040000000000004,-99
4,Lai,10.1086/433186,13,FALSE,TRUE,115,4,SARS-CoV-1,Bulk medium,10% MEM + 90% Nasopharyngeal sample,Resp. sec.,Closed,20,NA,120,5.009,-3.766,-99
4,Lai,10.1086/433186,13,FALSE,TRUE,116,4,SARS-CoV-1,Bulk medium,10% MEM + 90% Nasopharyngeal sample,Resp. sec.,Closed,20,NA,168,5.009,-4.2700000000000005,-99
5,Batejat,10.1101/2020.05.01.067769,14,FALSE,TRUE,117,5,SARS-CoV-2,Bulk medium,DMEM,CCM,Unspecified,56,NA,0.25,6.754,-2.9289999999999994,-6.084
5,Batejat,10.1101/2020.05.01.067769,14,FALSE,TRUE,118,5,SARS-CoV-2,Bulk medium,DMEM,CCM,Unspecified,56,NA,0.5,6.754,-6.084,-6.084
5,Batejat,10.1101/2020.05.01.067769,14,FALSE,TRUE,119,5,SARS-CoV-2,Bulk medium,DMEM,CCM,Unspecified,56,NA,0.633333333,6.754,-6.084,-6.084
5,Batejat,10.1101/2020.05.01.067769,14,FALSE,TRUE,120,5,SARS-CoV-2,Bulk medium,DMEM,CCM,Unspecified,56,NA,1,6.754,-6.084,-6.084
5,Batejat,10.1101/2020.05.01.067769,15,FALSE,TRUE,121,5,SARS-CoV-2,Bulk medium,DMEM,CCM,Unspecified,65,NA,0.25,6.754,-6.084,-6.084
5,Batejat,10.1101/2020.05.01.067769,15,FALSE,TRUE,122,5,SARS-CoV-2,Bulk medium,DMEM,CCM,Unspecified,65,NA,0.5,6.754,-6.084,-6.084
5,Batejat,10.1101/2020.05.01.067769,16,FALSE,TRUE,123,6,SARS-CoV-2,Bulk medium,Nasopharyngeal samples,Resp. sec.,Unspecified,65,NA,0.083333333,6.712,-1.495,-6.042
5,Batejat,10.1101/2020.05.01.067769,16,FALSE,TRUE,124,6,SARS-CoV-2,Bulk medium,Nasopharyngeal samples,Resp. sec.,Unspecified,65,NA,0.166666667,6.712,-6.042,-6.042
5,Batejat,10.1101/2020.05.01.067769,16,FALSE,TRUE,125,6,SARS-CoV-2,Bulk medium,Nasopharyngeal samples,Resp. sec.,Unspecified,65,NA,0.25,6.712,-6.042,-6.042
5,Batejat,10.1101/2020.05.01.067769,17,FALSE,TRUE,126,6,SARS-CoV-2,Bulk medium,Nasopharyngeal samples,Resp. sec.,Unspecified,95,NA,0.016666667,6.754,-0.3119999999999994,-6.084
5,Batejat,10.1101/2020.05.01.067769,17,FALSE,TRUE,127,6,SARS-CoV-2,Bulk medium,Nasopharyngeal samples,Resp. sec.,Unspecified,95,NA,0.05,6.754,-6.084,-6.084
5,Batejat,10.1101/2020.05.01.067769,17,FALSE,TRUE,128,6,SARS-CoV-2,Bulk medium,Nasopharyngeal samples,Resp. sec.,Unspecified,95,NA,0.1,6.754,-6.084,-6.084
6,Harbourt,10.1101/2020.07.01.20144253,18,FALSE,TRUE,129,7,SARS-CoV-2,Skin,MEM + 10% FCS,CCM,Unspecified,4,45,4,4.54,-0.31599999999999984,-2.54
6,Harbourt,10.1101/2020.07.01.20144253,18,FALSE,TRUE,130,7,SARS-CoV-2,Skin,MEM + 10% FCS,CCM,Unspecified,4,45,8,4.54,-0.6320000000000001,-2.54
6,Harbourt,10.1101/2020.07.01.20144253,18,FALSE,TRUE,131,7,SARS-CoV-2,Skin,MEM + 10% FCS,CCM,Unspecified,4,45,24,4.54,-0.2729999999999997,-2.54
6,Harbourt,10.1101/2020.07.01.20144253,18,FALSE,TRUE,132,7,SARS-CoV-2,Skin,MEM + 10% FCS,CCM,Unspecified,4,45,72,4.54,-1.2349999999999999,-2.54
6,Harbourt,10.1101/2020.07.01.20144253,18,FALSE,TRUE,133,7,SARS-CoV-2,Skin,MEM + 10% FCS,CCM,Unspecified,4,45,96,4.54,-1.0060000000000002,-2.54
6,Harbourt,10.1101/2020.07.01.20144253,18,FALSE,TRUE,134,7,SARS-CoV-2,Skin,MEM + 10% FCS,CCM,Unspecified,4,45,168,4.54,-1.2069999999999999,-2.54
6,Harbourt,10.1101/2020.07.01.20144253,18,FALSE,TRUE,135,7,SARS-CoV-2,Skin,MEM + 10% FCS,CCM,Unspecified,4,45,336,4.54,-2.356,-2.54
6,Harbourt,10.1101/2020.07.01.20144253,19,FALSE,TRUE,136,7,SARS-CoV-2,Skin,MEM + 10% FCS,CCM,Unspecified,22,45,4,4.555,-0.431,-2.5549999999999997
6,Harbourt,10.1101/2020.07.01.20144253,19,FALSE,TRUE,137,7,SARS-CoV-2,Skin,MEM + 10% FCS,CCM,Unspecified,22,45,8,4.555,-1.2649999999999997,-2.5549999999999997
6,Harbourt,10.1101/2020.07.01.20144253,19,FALSE,TRUE,138,7,SARS-CoV-2,Skin,MEM + 10% FCS,CCM,Unspecified,22,45,24,4.555,-1.8109999999999995,-2.5549999999999997
6,Harbourt,10.1101/2020.07.01.20144253,19,FALSE,TRUE,139,7,SARS-CoV-2,Skin,MEM + 10% FCS,CCM,Unspecified,22,45,72,4.555,-2.5549999999999997,-2.5549999999999997
6,Harbourt,10.1101/2020.07.01.20144253,19,FALSE,TRUE,140,7,SARS-CoV-2,Skin,MEM + 10% FCS,CCM,Unspecified,22,45,96,4.555,-2.5549999999999997,-2.5549999999999997
6,Harbourt,10.1101/2020.07.01.20144253,19,FALSE,TRUE,141,7,SARS-CoV-2,Skin,MEM + 10% FCS,CCM,Unspecified,22,45,168,4.555,-2.5549999999999997,-2.5549999999999997
6,Harbourt,10.1101/2020.07.01.20144253,19,FALSE,TRUE,142,7,SARS-CoV-2,Skin,MEM + 10% FCS,CCM,Unspecified,22,45,336,4.555,-2.5549999999999997,-2.5549999999999997
6,Harbourt,10.1101/2020.07.01.20144253,20,FALSE,TRUE,143,7,SARS-CoV-2,Skin,MEM + 10% FCS,CCM,Unspecified,37,45,4,4.54,-1.968,-2.54
6,Harbourt,10.1101/2020.07.01.20144253,20,FALSE,TRUE,144,7,SARS-CoV-2,Skin,MEM + 10% FCS,CCM,Unspecified,37,45,8,4.54,-2.54,-2.54
6,Harbourt,10.1101/2020.07.01.20144253,20,FALSE,TRUE,145,7,SARS-CoV-2,Skin,MEM + 10% FCS,CCM,Unspecified,37,45,24,4.54,-2.54,-2.54
6,Harbourt,10.1101/2020.07.01.20144253,20,FALSE,TRUE,146,7,SARS-CoV-2,Skin,MEM + 10% FCS,CCM,Unspecified,37,45,72,4.54,-2.54,-2.54
7,Leclercq,10.1111/irv.12261,21,FALSE,TRUE,147,8,MERS-CoV,Bulk medium,DMEM + 5% FCS + antibiotics,CCM,Unspecified,56,NA,0.008333333,5.59,-0.9199999999999999,-4.92
7,Leclercq,10.1111/irv.12261,21,FALSE,TRUE,148,8,MERS-CoV,Bulk medium,DMEM + 5% FCS + antibiotics,CCM,Unspecified,56,NA,0.25,5.59,-4.92,-4.92
7,Leclercq,10.1111/irv.12261,21,FALSE,TRUE,149,8,MERS-CoV,Bulk medium,DMEM + 5% FCS + antibiotics,CCM,Unspecified,56,NA,0.5,5.59,-4.92,-4.92
7,Leclercq,10.1111/irv.12261,21,FALSE,TRUE,150,8,MERS-CoV,Bulk medium,DMEM + 5% FCS + antibiotics,CCM,Unspecified,56,NA,1,5.59,-4.92,-4.92
7,Leclercq,10.1111/irv.12261,21,FALSE,TRUE,151,8,MERS-CoV,Bulk medium,DMEM + 5% FCS + antibiotics,CCM,Unspecified,56,NA,2,5.59,-4.92,-4.92
7,Leclercq,10.1111/irv.12261,22,FALSE,TRUE,152,8,MERS-CoV,Bulk medium,DMEM + 5% FCS + antibiotics,CCM,Unspecified,65,NA,0.008333333,5.59,-3.59,-4.92
7,Leclercq,10.1111/irv.12261,22,FALSE,TRUE,153,8,MERS-CoV,Bulk medium,DMEM + 5% FCS + antibiotics,CCM,Unspecified,65,NA,0.25,5.59,-4.92,-4.92
7,Leclercq,10.1111/irv.12261,22,FALSE,TRUE,154,8,MERS-CoV,Bulk medium,DMEM + 5% FCS + antibiotics,CCM,Unspecified,65,NA,0.5,5.59,-4.92,-4.92
7,Leclercq,10.1111/irv.12261,22,FALSE,TRUE,155,8,MERS-CoV,Bulk medium,DMEM + 5% FCS + antibiotics,CCM,Unspecified,65,NA,1,5.59,-4.92,-4.92
7,Leclercq,10.1111/irv.12261,22,FALSE,TRUE,156,8,MERS-CoV,Bulk medium,DMEM + 5% FCS + antibiotics,CCM,Unspecified,65,NA,2,5.59,-4.92,-4.92
8,Lamarre,10.1139/m89-160,23,FALSE,TRUE,157,9,HCoV-229E,Bulk medium,Half MEM + half Hank's M199 + 5% FCS + 0.13% sodium bicarbonate + antibiotics + 150 mM NaCl + 0.1 M citric acid and 0.2 M sodium phosphate dibasic at pH 6,CCM,Unspecified,4,NA,24,6.101,0.004000000000000423,-4.801
8,Lamarre,10.1139/m89-160,23,FALSE,TRUE,158,9,HCoV-229E,Bulk medium,Half MEM + half Hank's M199 + 5% FCS + 0.13% sodium bicarbonate + antibiotics + 150 mM NaCl + 0.1 M citric acid and 0.2 M sodium phosphate dibasic at pH 6,CCM,Unspecified,4,NA,96,6.101,-0.12000000000000012,-4.801
8,Lamarre,10.1139/m89-160,23,FALSE,TRUE,159,9,HCoV-229E,Bulk medium,Half MEM + half Hank's M199 + 5% FCS + 0.13% sodium bicarbonate + antibiotics + 150 mM NaCl + 0.1 M citric acid and 0.2 M sodium phosphate dibasic at pH 6,CCM,Unspecified,4,NA,312,6.101,-0.6609999999999996,-4.801
8,Lamarre,10.1139/m89-160,24,FALSE,TRUE,160,9,HCoV-229E,Bulk medium,Half MEM + half Hank's M199 + 5% FCS + 0.13% sodium bicarbonate + antibiotics + 150 mM NaCl + 0.1 M citric acid and 0.2 M sodium phosphate dibasic at pH 6,CCM,Unspecified,22,NA,24,5.548,-0.6360000000000001,-4.248
8,Lamarre,10.1139/m89-160,24,FALSE,TRUE,161,9,HCoV-229E,Bulk medium,Half MEM + half Hank's M199 + 5% FCS + 0.13% sodium bicarbonate + antibiotics + 150 mM NaCl + 0.1 M citric acid and 0.2 M sodium phosphate dibasic at pH 6,CCM,Unspecified,22,NA,96,5.548,-1.709,-4.248
8,Lamarre,10.1139/m89-160,24,FALSE,TRUE,162,9,HCoV-229E,Bulk medium,Half MEM + half Hank's M199 + 5% FCS + 0.13% sodium bicarbonate + antibiotics + 150 mM NaCl + 0.1 M citric acid and 0.2 M sodium phosphate dibasic at pH 6,CCM,Unspecified,22,NA,312,5.548,-4.251,-4.248
8,Lamarre,10.1139/m89-160,25,FALSE,TRUE,163,9,HCoV-229E,Bulk medium,Half MEM + half Hank's M199 + 5% FCS + 0.13% sodium bicarbonate + antibiotics + 150 mM NaCl + 0.1 M citric acid and 0.2 M sodium phosphate dibasic at pH 6,CCM,Unspecified,33,NA,24,5.391,-0.6020000000000003,-4.091
8,Lamarre,10.1139/m89-160,25,FALSE,TRUE,164,9,HCoV-229E,Bulk medium,Half MEM + half Hank's M199 + 5% FCS + 0.13% sodium bicarbonate + antibiotics + 150 mM NaCl + 0.1 M citric acid and 0.2 M sodium phosphate dibasic at pH 6,CCM,Unspecified,33,NA,96,5.391,-1.7730000000000001,-4.091
8,Lamarre,10.1139/m89-160,25,FALSE,TRUE,165,9,HCoV-229E,Bulk medium,Half MEM + half Hank's M199 + 5% FCS + 0.13% sodium bicarbonate + antibiotics + 150 mM NaCl + 0.1 M citric acid and 0.2 M sodium phosphate dibasic at pH 6,CCM,Unspecified,33,NA,264,5.391,-4.101,-4.091
8,Lamarre,10.1139/m89-160,26,FALSE,TRUE,166,9,HCoV-229E,Bulk medium,Half MEM + half Hank's M199 + 5% FCS + 0.13% sodium bicarbonate + antibiotics + 150 mM NaCl + 0.1 M citric acid and 0.2 M sodium phosphate dibasic at pH 6,CCM,Unspecified,37,NA,24,4.687,-0.9510000000000001,-3.3870000000000005
8,Lamarre,10.1139/m89-160,26,FALSE,TRUE,167,9,HCoV-229E,Bulk medium,Half MEM + half Hank's M199 + 5% FCS + 0.13% sodium bicarbonate + antibiotics + 150 mM NaCl + 0.1 M citric acid and 0.2 M sodium phosphate dibasic at pH 6,CCM,Unspecified,37,NA,96,4.687,-3.391,-3.3870000000000005
9,Pagat,10.1177/153567600701200206,27,FALSE,TRUE,168,10,SARS-CoV-1,Bulk medium,IMDM + 1% FCS,CCM,Unspecified,60,NA,0.083333333,6.766,-0.9429999999999996,-5.266
9,Pagat,10.1177/153567600701200206,27,FALSE,TRUE,169,10,SARS-CoV-1,Bulk medium,IMDM + 1% FCS,CCM,Unspecified,60,NA,0.166666667,6.766,-1.3949999999999996,-5.266
9,Pagat,10.1177/153567600701200206,27,FALSE,TRUE,170,10,SARS-CoV-1,Bulk medium,IMDM + 1% FCS,CCM,Unspecified,60,NA,0.5,6.766,-4.411,-5.266
9,Pagat,10.1177/153567600701200206,27,FALSE,TRUE,171,10,SARS-CoV-1,Bulk medium,IMDM + 1% FCS,CCM,Unspecified,60,NA,1,6.766,-5.266,-5.266
9,Pagat,10.1177/153567600701200206,27,FALSE,TRUE,172,10,SARS-CoV-1,Bulk medium,IMDM + 1% FCS,CCM,Unspecified,60,NA,1.5,6.766,-5.266,-5.266
9,Pagat,10.1177/153567600701200206,27,FALSE,TRUE,173,10,SARS-CoV-1,Bulk medium,IMDM + 1% FCS,CCM,Unspecified,60,NA,2,6.766,-5.266,-5.266
9,Pagat,10.1177/153567600701200206,28,FALSE,TRUE,174,10,SARS-CoV-1,Bulk medium,IMDM + 1% FCS,CCM,Unspecified,70,NA,0.083333333,6.4079999999999995,-3.2649999999999997,-4.9079999999999995
9,Pagat,10.1177/153567600701200206,28,FALSE,TRUE,175,10,SARS-CoV-1,Bulk medium,IMDM + 1% FCS,CCM,Unspecified,70,NA,0.166666667,6.4079999999999995,-4.8839999999999995,-4.9079999999999995
9,Pagat,10.1177/153567600701200206,28,FALSE,TRUE,176,10,SARS-CoV-1,Bulk medium,IMDM + 1% FCS,CCM,Unspecified,70,NA,0.5,6.4079999999999995,-4.9079999999999995,-4.9079999999999995
9,Pagat,10.1177/153567600701200206,28,FALSE,TRUE,177,10,SARS-CoV-1,Bulk medium,IMDM + 1% FCS,CCM,Unspecified,70,NA,1,6.4079999999999995,-4.9079999999999995,-4.9079999999999995
9,Pagat,10.1177/153567600701200206,28,FALSE,TRUE,178,10,SARS-CoV-1,Bulk medium,IMDM + 1% FCS,CCM,Unspecified,70,NA,1.5,6.4079999999999995,-4.9079999999999995,-4.9079999999999995
9,Pagat,10.1177/153567600701200206,28,FALSE,TRUE,179,10,SARS-CoV-1,Bulk medium,IMDM + 1% FCS,CCM,Unspecified,70,NA,2,6.4079999999999995,-4.9079999999999995,-4.9079999999999995
10,van Doremalen,10.2807/1560-7917.ES2013.18.38.20590,29,FALSE,FALSE,180,11,MERS-CoV,Plastic,Unspecified,CCM,Unspecified,20,40,0.166666667,6,-1,-5.5
10,van Doremalen,10.2807/1560-7917.ES2013.18.38.20590,29,FALSE,FALSE,181,11,MERS-CoV,Plastic,Unspecified,CCM,Unspecified,20,40,0.5,6,-1.25,-5.5
10,van Doremalen,10.2807/1560-7917.ES2013.18.38.20590,29,FALSE,FALSE,182,11,MERS-CoV,Plastic,Unspecified,CCM,Unspecified,20,40,1,6,-1.5,-5.5
10,van Doremalen,10.2807/1560-7917.ES2013.18.38.20590,29,FALSE,FALSE,183,11,MERS-CoV,Plastic,Unspecified,CCM,Unspecified,20,40,4,6,-3.25,-5.5
10,van Doremalen,10.2807/1560-7917.ES2013.18.38.20590,29,FALSE,FALSE,184,11,MERS-CoV,Plastic,Unspecified,CCM,Unspecified,20,40,8,6,-2.5,-5.5
10,van Doremalen,10.2807/1560-7917.ES2013.18.38.20590,29,FALSE,FALSE,185,11,MERS-CoV,Plastic,Unspecified,CCM,Unspecified,20,40,24,6,-4,-5.5
10,van Doremalen,10.2807/1560-7917.ES2013.18.38.20590,29,FALSE,FALSE,186,11,MERS-CoV,Plastic,Unspecified,CCM,Unspecified,20,40,48,6,-5.5,-5.5
10,van Doremalen,10.2807/1560-7917.ES2013.18.38.20590,29,FALSE,FALSE,187,11,MERS-CoV,Plastic,Unspecified,CCM,Unspecified,20,40,72,6,-5.5,-5.5
10,van Doremalen,10.2807/1560-7917.ES2013.18.38.20590,32,FALSE,FALSE,201,12,MERS-CoV,Steel,Unspecified,CCM,Unspecified,20,40,0.333333333,4.916666666666667,-0.416666666666667,-4.416666666666667
10,van Doremalen,10.2807/1560-7917.ES2013.18.38.20590,32,FALSE,FALSE,202,12,MERS-CoV,Steel,Unspecified,CCM,Unspecified,20,40,0.833333333,4.916666666666667,-0.416666666666667,-4.416666666666667
10,van Doremalen,10.2807/1560-7917.ES2013.18.38.20590,32,FALSE,FALSE,203,12,MERS-CoV,Steel,Unspecified,CCM,Unspecified,20,40,3.833333333,4.916666666666667,-1.166666666666667,-4.416666666666667
10,van Doremalen,10.2807/1560-7917.ES2013.18.38.20590,32,FALSE,FALSE,204,12,MERS-CoV,Steel,Unspecified,CCM,Unspecified,20,40,7.833333333,4.916666666666667,-1.166666666666667,-4.416666666666667
10,van Doremalen,10.2807/1560-7917.ES2013.18.38.20590,32,FALSE,FALSE,205,12,MERS-CoV,Steel,Unspecified,CCM,Unspecified,20,40,23.833333333,4.916666666666667,-3.416666666666667,-4.416666666666667
10,van Doremalen,10.2807/1560-7917.ES2013.18.38.20590,32,FALSE,FALSE,206,12,MERS-CoV,Steel,Unspecified,CCM,Unspecified,20,40,47.833333333,4.916666666666667,-3.916666666666667,-4.416666666666667
10,van Doremalen,10.2807/1560-7917.ES2013.18.38.20590,32,FALSE,FALSE,207,12,MERS-CoV,Steel,Unspecified,CCM,Unspecified,20,40,71.833333333,4.916666666666667,-4.416666666666667,-4.416666666666667
10,van Doremalen,10.2807/1560-7917.ES2013.18.38.20590,30,TRUE,FALSE,188,11,MERS-CoV,Plastic,Unspecified,CCM,Unspecified,30,30,0.5,4.583333333333333,-0.08333333333333305,-4.083333333333333
10,van Doremalen,10.2807/1560-7917.ES2013.18.38.20590,30,TRUE,FALSE,189,11,MERS-CoV,Plastic,Unspecified,CCM,Unspecified,30,30,3.5,4.583333333333333,-0.833333333333333,-4.083333333333333
10,van Doremalen,10.2807/1560-7917.ES2013.18.38.20590,30,TRUE,FALSE,190,11,MERS-CoV,Plastic,Unspecified,CCM,Unspecified,30,30,7.5,4.583333333333333,-1.583333333333333,-4.083333333333333
10,van Doremalen,10.2807/1560-7917.ES2013.18.38.20590,30,TRUE,FALSE,191,11,MERS-CoV,Plastic,Unspecified,CCM,Unspecified,30,30,23.5,4.583333333333333,-4.083333333333333,-4.083333333333333
10,van Doremalen,10.2807/1560-7917.ES2013.18.38.20590,30,TRUE,FALSE,192,11,MERS-CoV,Plastic,Unspecified,CCM,Unspecified,30,30,47.5,4.583333333333333,-4.083333333333333,-4.083333333333333
10,van Doremalen,10.2807/1560-7917.ES2013.18.38.20590,30,TRUE,FALSE,193,11,MERS-CoV,Plastic,Unspecified,CCM,Unspecified,30,30,71.5,4.583333333333333,-4.083333333333333,-4.083333333333333
10,van Doremalen,10.2807/1560-7917.ES2013.18.38.20590,33,TRUE,FALSE,208,12,MERS-CoV,Steel,Unspecified,CCM,Unspecified,30,30,0.333333333,4.333333333333333,0.41666666666666696,-3.833333333333333
10,van Doremalen,10.2807/1560-7917.ES2013.18.38.20590,33,TRUE,FALSE,209,12,MERS-CoV,Steel,Unspecified,CCM,Unspecified,30,30,0.833333333,4.333333333333333,0.16666666666666696,-3.833333333333333
10,van Doremalen,10.2807/1560-7917.ES2013.18.38.20590,33,TRUE,FALSE,210,12,MERS-CoV,Steel,Unspecified,CCM,Unspecified,30,30,3.833333333,4.333333333333333,-1.083333333333333,-3.833333333333333
10,van Doremalen,10.2807/1560-7917.ES2013.18.38.20590,33,TRUE,FALSE,211,12,MERS-CoV,Steel,Unspecified,CCM,Unspecified,30,30,7.833333333,4.333333333333333,-1.333333333333333,-3.833333333333333
10,van Doremalen,10.2807/1560-7917.ES2013.18.38.20590,33,TRUE,FALSE,212,12,MERS-CoV,Steel,Unspecified,CCM,Unspecified,30,30,23.833333333,4.333333333333333,-3.833333333333333,-3.833333333333333
10,van Doremalen,10.2807/1560-7917.ES2013.18.38.20590,33,TRUE,FALSE,213,12,MERS-CoV,Steel,Unspecified,CCM,Unspecified,30,30,47.833333333,4.333333333333333,-3.833333333333333,-3.833333333333333
10,van Doremalen,10.2807/1560-7917.ES2013.18.38.20590,33,TRUE,FALSE,214,12,MERS-CoV,Steel,Unspecified,CCM,Unspecified,30,30,71.833333333,4.333333333333333,-3.833333333333333,-3.833333333333333
10,van Doremalen,10.2807/1560-7917.ES2013.18.38.20590,31,TRUE,FALSE,194,11,MERS-CoV,Plastic,Unspecified,CCM,Unspecified,30,80,0.333333333,5.25,-0.25,-4.75
10,van Doremalen,10.2807/1560-7917.ES2013.18.38.20590,31,TRUE,FALSE,195,11,MERS-CoV,Plastic,Unspecified,CCM,Unspecified,30,80,0.833333333,5.25,-0.75,-4.75
10,van Doremalen,10.2807/1560-7917.ES2013.18.38.20590,31,TRUE,FALSE,196,11,MERS-CoV,Plastic,Unspecified,CCM,Unspecified,30,80,3.833333333,5.25,-1.25,-4.75
10,van Doremalen,10.2807/1560-7917.ES2013.18.38.20590,31,TRUE,FALSE,197,11,MERS-CoV,Plastic,Unspecified,CCM,Unspecified,30,80,7.833333333,5.25,-2.25,-4.75
10,van Doremalen,10.2807/1560-7917.ES2013.18.38.20590,31,TRUE,FALSE,198,11,MERS-CoV,Plastic,Unspecified,CCM,Unspecified,30,80,23.833333333,5.25,-4.75,-4.75
10,van Doremalen,10.2807/1560-7917.ES2013.18.38.20590,31,TRUE,FALSE,199,11,MERS-CoV,Plastic,Unspecified,CCM,Unspecified,30,80,47.833333333,5.25,-4.75,-4.75
10,van Doremalen,10.2807/1560-7917.ES2013.18.38.20590,31,TRUE,FALSE,200,11,MERS-CoV,Plastic,Unspecified,CCM,Unspecified,30,80,71.833333333,5.25,-4.75,-4.75
10,van Doremalen,10.2807/1560-7917.ES2013.18.38.20590,34,TRUE,FALSE,215,12,MERS-CoV,Steel,Unspecified,CCM,Unspecified,30,80,0.166666667,6,-1,-5.5
10,van Doremalen,10.2807/1560-7917.ES2013.18.38.20590,34,TRUE,FALSE,216,12,MERS-CoV,Steel,Unspecified,CCM,Unspecified,30,80,0.5,6,-1.25,-5.5
10,van Doremalen,10.2807/1560-7917.ES2013.18.38.20590,34,TRUE,FALSE,217,12,MERS-CoV,Steel,Unspecified,CCM,Unspecified,30,80,1,6,-1.5,-5.5
10,van Doremalen,10.2807/1560-7917.ES2013.18.38.20590,34,TRUE,FALSE,218,12,MERS-CoV,Steel,Unspecified,CCM,Unspecified,30,80,4,6,-3.5,-5.5
10,van Doremalen,10.2807/1560-7917.ES2013.18.38.20590,34,TRUE,FALSE,219,12,MERS-CoV,Steel,Unspecified,CCM,Unspecified,30,80,8,6,-3.5,-5.5
10,van Doremalen,10.2807/1560-7917.ES2013.18.38.20590,34,TRUE,FALSE,220,12,MERS-CoV,Steel,Unspecified,CCM,Unspecified,30,80,24,6,-5.5,-5.5
10,van Doremalen,10.2807/1560-7917.ES2013.18.38.20590,34,TRUE,FALSE,221,12,MERS-CoV,Steel,Unspecified,CCM,Unspecified,30,80,48,6,-5.5,-5.5
10,van Doremalen,10.2807/1560-7917.ES2013.18.38.20590,34,TRUE,FALSE,222,12,MERS-CoV,Steel,Unspecified,CCM,Unspecified,30,80,72,6,-5.5,-5.5
11,Bucknall,10.3181/00379727-139-36224,35,FALSE,TRUE,223,13,HCoV-229E,Bulk medium,Half DMEM + half medium 199 + 2% FCS + antibiotics,CCM,Unspecified,33,NA,4,98.602,-0.704322965982535,-2.266000713461613
11,Bucknall,10.3181/00379727-139-36224,35,FALSE,TRUE,224,13,HCoV-229E,Bulk medium,Half DMEM + half medium 199 + 2% FCS + antibiotics,CCM,Unspecified,33,NA,7,98.602,-1.27392512978463,-2.266000713461613
11,Bucknall,10.3181/00379727-139-36224,35,FALSE,TRUE,225,13,HCoV-229E,Bulk medium,Half DMEM + half medium 199 + 2% FCS + antibiotics,CCM,Unspecified,33,NA,9,98.602,-1.162916849176814,-2.266000713461613
11,Bucknall,10.3181/00379727-139-36224,35,FALSE,TRUE,226,13,HCoV-229E,Bulk medium,Half DMEM + half medium 199 + 2% FCS + antibiotics,CCM,Unspecified,33,NA,12,98.602,-2.266000713461613,-2.266000713461613
11,Bucknall,10.3181/00379727-139-36224,36,FALSE,TRUE,227,13,HCoV-229E,Bulk medium,Half DMEM + half medium 199 + 2% FCS + antibiotics,CCM,Unspecified,37,NA,2,98.606,-0.8475587619410453,-2.266000713461613
11,Bucknall,10.3181/00379727-139-36224,36,FALSE,TRUE,228,13,HCoV-229E,Bulk medium,Half DMEM + half medium 199 + 2% FCS + antibiotics,CCM,Unspecified,37,NA,4,98.606,-1.3901922306712977,-2.266000713461613
11,Bucknall,10.3181/00379727-139-36224,36,FALSE,TRUE,229,13,HCoV-229E,Bulk medium,Half DMEM + half medium 199 + 2% FCS + antibiotics,CCM,Unspecified,37,NA,7,98.606,-1.6158258611929666,-2.266000713461613
11,Bucknall,10.3181/00379727-139-36224,36,FALSE,TRUE,230,13,HCoV-229E,Bulk medium,Half DMEM + half medium 199 + 2% FCS + antibiotics,CCM,Unspecified,37,NA,10,98.606,-2.266000713461613,-2.266000713461613
11,Bucknall,10.3181/00379727-139-36224,37,FALSE,TRUE,231,14,HCoV-OC43,Bulk medium,Half DMEM + half medium 199 + 2% FCS + antibiotics,CCM,Unspecified,33,NA,4,100.009,-0.1765975070738602,-2.266000713461613
11,Bucknall,10.3181/00379727-139-36224,37,FALSE,TRUE,232,14,HCoV-OC43,Bulk medium,Half DMEM + half medium 199 + 2% FCS + antibiotics,CCM,Unspecified,33,NA,7,100.009,-0.3168808856707181,-2.266000713461613
11,Bucknall,10.3181/00379727-139-36224,37,FALSE,TRUE,233,14,HCoV-OC43,Bulk medium,Half DMEM + half medium 199 + 2% FCS + antibiotics,CCM,Unspecified,33,NA,9,100.009,-0.19972981519629643,-2.266000713461613
11,Bucknall,10.3181/00379727-139-36224,37,FALSE,TRUE,234,14,HCoV-OC43,Bulk medium,Half DMEM + half medium 199 + 2% FCS + antibiotics,CCM,Unspecified,33,NA,11,100.009,-0.7940652063153183,-2.266000713461613
11,Bucknall,10.3181/00379727-139-36224,37,FALSE,TRUE,235,14,HCoV-OC43,Bulk medium,Half DMEM + half medium 199 + 2% FCS + antibiotics,CCM,Unspecified,33,NA,24,100.009,-0.9742436854655859,-2.266000713461613
11,Bucknall,10.3181/00379727-139-36224,37,FALSE,TRUE,236,14,HCoV-OC43,Bulk medium,Half DMEM + half medium 199 + 2% FCS + antibiotics,CCM,Unspecified,33,NA,34,100.009,-1.9037854146535949,-2.266000713461613
11,Bucknall,10.3181/00379727-139-36224,38,FALSE,TRUE,237,14,HCoV-OC43,Bulk medium,Half DMEM + half medium 199 + 2% FCS + antibiotics,CCM,Unspecified,37,NA,2,98.606,-0.23170976956507566,-2.266000713461613
11,Bucknall,10.3181/00379727-139-36224,38,FALSE,TRUE,238,14,HCoV-OC43,Bulk medium,Half DMEM + half medium 199 + 2% FCS + antibiotics,CCM,Unspecified,37,NA,4,98.606,-0.2500010234416508,-2.266000713461613
11,Bucknall,10.3181/00379727-139-36224,38,FALSE,TRUE,239,14,HCoV-OC43,Bulk medium,Half DMEM + half medium 199 + 2% FCS + antibiotics,CCM,Unspecified,37,NA,7,98.606,-0.38414459910100845,-2.266000713461613
11,Bucknall,10.3181/00379727-139-36224,38,FALSE,TRUE,240,14,HCoV-OC43,Bulk medium,Half DMEM + half medium 199 + 2% FCS + antibiotics,CCM,Unspecified,37,NA,10,98.606,-0.9207463775699223,-2.266000713461613
11,Bucknall,10.3181/00379727-139-36224,38,FALSE,TRUE,241,14,HCoV-OC43,Bulk medium,Half DMEM + half medium 199 + 2% FCS + antibiotics,CCM,Unspecified,37,NA,24,98.606,-1.9450041384708585,-2.266000713461613
